<?xml version="1.0" encoding="UTF-8"?>
<!DOCTYPE mapper PUBLIC "-//mybatis.org//DTD Mapper 3.0//EN" "http://mybatis.org/dtd/mybatis-3-mapper.dtd">
<mapper namespace="Test">
   
    <select id="select">
        SELECT
        name,
        category,
        price
        FROM
        fruits
        <where>
            AND category = 'apple'
            <if test="price != null and price !=''">
                AND price = ${price}
            </if>
        </where>
    </select>
    <update id="testSet">
        UPDATE
        fruits
        <set>
            <if test="category != null and category !=''">
                category = #{category},
            </if>
            <if test="price != null and price !=''">
                price = ${price},
            </if>
        </set>
        WHERE
        name = #{name}
    </update>
  
</mapper>