<?xml version="1.0" encoding="UTF-8"?>
<!DOCTYPE mapper PUBLIC "-//mybatis.org//DTD Mapper 3.0//EN" "http://mybatis.org/dtd/mybatis-3-mapper.dtd" >
<mapper namespace="kr.or.profit.mapper.QnaMapper">

	<resultMap id="qnaVO" type="kr.or.profit.vo.QnaVO">
		<result property="communitySeq" column="COMMUNITY_SEQ"/>
		<result property="commonSeq" column="COMMON_SEQ"/>
		<result property="communityCategorySeq" column="COMMUNITY_CATEGORY_SEQ"/>
		<result property="fileSeq" column="FILE_SEQ"/>
		<result property="commonTitle" column="COMMON_TITLE"/>
		<result property="commonContent" column="COMMON_CONTENT"/>
		<result property="commonHit" column="COMMON_HIT"/>
		<result property="commonDelFlag" column="COMMON_DEL_FLAG"/>
		<result property="inUserId" column="IN_USER_ID"/>
		<result property="inDate" column="IN_DATE"/>
		<result property="upUserId" column="UP_USER_ID"/>
		<result property="upDate" column="UP_DATE"/>
	</resultMap>

	<!-- qna 목록 댓글 개수 -->
	<select id="qnaList"  resultType="egovMap">
		SELECT
		    COMMUNITY_SEQ,
		    COMMON_SEQ,
		    COMMUNITY_CATEGORY_SEQ,
		    FILE_SEQ,
		    COMMON_TITLE,
		    COMMON_CONTENT,
		    COMMON_HIT,
		    COMMON_DEL_FLAG,
		    IN_USER_ID,
		    TO_CHAR(IN_DATE, 'YYYY/MM/DD') IN_DATE,
		    UP_USER_ID,
		    TO_CHAR(UP_DATE, 'YYYY/MM/DD') IN_DATE
		FROM
		    COMMUNITY
		WHERE
			COMMON_SEQ = '8'
	</select>

<!-- 	글등록 -->
	<insert id="qnaInsert" parameterType="hashMap">
		INSERT INTO COMMUNITY
			(
				COMMUNITY_SEQ,
                COMMON_SEQ,
                COMMON_TITLE,
                COMMON_CONTENT,
                COMMON_HIT,
                COMMON_DEL_FLAG,
                IN_USER_ID,
                IN_DATE,
                UP_USER_ID,
                UP_DATE	)
		VALUES
			(
				(SELECT
                    COUNT(*)
                FROM
                    COMMUNITY)+1,
				'8',
				#{title},
				#{content},
				'0',
				'N',
				#{memberId},
				SYSDATE,
				#{memberId},
				SYSDATE
						)
	</insert>

<!-- 	상세보기 -->
	<select id="qnaDetail" resultType="egovMap">
		SELECT
		    COMMUNITY_SEQ,
		    COMMON_SEQ,
		    COMMUNITY_CATEGORY_SEQ,
		    FILE_SEQ,
		    COMMON_TITLE,
		    COMMON_CONTENT,
		    COMMON_HIT,
		    COMMON_DEL_FLAG,
		    IN_USER_ID,
		    TO_CHAR(IN_DATE, 'YYYY/MM/DD') IN_DATE,
		    UP_USER_ID,
		    TO_CHAR(UP_DATE, 'YYYY/MM/DD') UP_DATE
		FROM
		    COMMUNITY
		WHERE
		    COMMUNITY_SEQ = #{communitySeq}
	</select>

<!-- 	글수정 -->
	<update id="qnaUpdate" parameterType="hashMap" >
		UPDATE
		    COMMUNITY
		SET
		    FILE_SEQ        = #{files},
		    COMMON_TITLE    = #{title},
		    COMMON_CONTENT  = #{contents},
		    UP_DATE         = SYSDATE
		WHERE
		    COMMUNITY_SEQ = #{communitySeq}
	</update>

<!-- 	글 삭제 -->
	<delete id="qnaDelete" parameterType="hashMap" >
		DELETE FROM
		    community
		WHERE
		    COMMUNITY_SEQ = #{communitySeq}
	</delete>
</mapper>