{
	"documents": [
		{
			"collection": "blog",
			"datetime": "2014-10-25T21:04:00.000+09:00",
			"display_sitename": "네이버블로그",
			"doc_url": "http://blog.naver.com/dlwldnjs9448/220161617356",
			"height": 630,
			"image_url": "http://postfiles1.naver.net/20141025_240/dlwldnjs9448_1414238629074b2wQR_JPEG/%B3%B2%C1%D6%C7%F51413692727016.jpg?type=w1",
			"thumbnail_url": "https://search1.kakaocdn.net/argon/130x130_85_c/HzXoMghI6vq",
			"width": 420
		},
		{
			"collection": "blog",
			"datetime": "2014-10-25T21:04:00.000+09:00",
			"display_sitename": "네이버블로그",
			"doc_url": "http://blog.naver.com/dlwldnjs9448/220161617356",
			"height": 636,
			"image_url": "http://postfiles8.naver.net/20141025_279/dlwldnjs9448_1414238630322xyHPr_JPEG/%B3%B2%C1%D6%C7%F51413692741581.jpg?type=w1",
			"thumbnail_url": "https://search2.kakaocdn.net/argon/130x130_85_c/E2icgxNfQVS",
			"width": 417
		},
		{
			"collection": "blog",
			"datetime": "2014-10-25T21:04:00.000+09:00",
			"display_sitename": "네이버블로그",
			"doc_url": "http://blog.naver.com/dlwldnjs9448/220161617356",
			"height": 631,
			"image_url": "http://postfiles8.naver.net/20141025_231/dlwldnjs9448_1414238628325C1223_JPEG/%B3%B2%C1%D6%C7%F51413692716201.jpg?type=w1",
			"thumbnail_url": "https://search3.kakaocdn.net/argon/130x130_85_c/LqGtIPwT1QH",
			"width": 420
		},
		{
			"collection": "blog",
			"datetime": "2014-07-22T14:12:00.000+09:00",
			"display_sitename": "네이버블로그",
			"doc_url": "http://blog.naver.com/manzfashion/220068043630",
			"height": 650,
			"image_url": "http://postfiles4.naver.net/20140722_99/manzfashion_1406003906248nWC0w_JPEG/%B3%B2%C1%D6%C7%F5_%281%29.jpg?type=w1",
			"thumbnail_url": "https://search3.kakaocdn.net/argon/130x130_85_c/7yXfLUPQNeY",
			"width": 433
		},
		{
			"collection": "blog",
			"datetime": "2016-03-20T18:00:00.000+09:00",
			"display_sitename": "네이버블로그",
			"doc_url": "http://blog.naver.com/mongchong22/220660105668",
			"height": 470,
			"image_url": "http://postfiles12.naver.net/20160320_59/mongchong22_1458449902952C5eWx_JPEG/%B3%B2%C1%D6%C7%F5.jpg?type=w773",
			"thumbnail_url": "https://search2.kakaocdn.net/argon/130x130_85_c/KjpCpOTo0v0",
			"width": 459
		},
		{
			"collection": "blog",
			"datetime": "2014-12-17T12:54:00.000+09:00",
			"display_sitename": "네이버블로그",
			"doc_url": "http://blog.naver.com/moviepang/220212577682",
			"height": 717,
			"image_url": "http://postfiles7.naver.net/20141217_134/moviepang_1418784198656twWKm_PNG/%B3%B2%C1%D6%C7%F5_14.png?type=w1",
			"thumbnail_url": "https://search4.kakaocdn.net/argon/130x130_85_c/KSdt5IRdETS",
			"width": 500
		},
		{
			"collection": "blog",
			"datetime": "2016-05-10T14:12:00.000+09:00",
			"display_sitename": "네이버블로그",
			"doc_url": "http://blog.naver.com/gate10_pr/220705823178",
			"height": 820,
			"image_url": "http://postfiles1.naver.net/20160510_32/gate10_pr_1462855864120c6Feo_JPEG/%B3%B2%C1%D6%C7%F5%BD%C3%BB%E7%C8%B8_TV%B8%AE%C6%F7%C6%AE.jpg?type=w2",
			"thumbnail_url": "https://search3.kakaocdn.net/argon/130x130_85_c/Avwg4d0pq1p",
			"width": 520
		},
		{
			"collection": "blog",
			"datetime": "2020-09-11T17:59:00.000+09:00",
			"display_sitename": "네이버블로그",
			"doc_url": "http://blog.naver.com/rheekp999/222086844225",
			"height": 580,
			"image_url": "http://postfiles3.naver.net/MjAyMDA5MTFfMTQw/MDAxNTk5ODE0Mzg3NDUy.F-Tnp4j-KyerdixzfbauIb7s3Tn8D2n9kyHi_u0v8i0g.uGg5j-EzosHpowwIj5TQAo_uX9o2vQQcM0tOwPrHMkQg.PNG.rheekp999/%EB%82%A8%EC%A3%BC%ED%98%81_09.PNG?type=w580",
			"thumbnail_url": "https://search2.kakaocdn.net/argon/130x130_85_c/Gp1DMcT6E1t",
			"width": 580
		},
		{
			"collection": "blog",
			"datetime": "2016-04-23T19:17:00.000+09:00",
			"display_sitename": "네이버블로그",
			"doc_url": "http://blog.naver.com/kyg5024/220691429376",
			"height": 731,
			"image_url": "http://postfiles13.naver.net/20160423_140/kyg5024_1461406625064zOQ10_JPEG/%B3%B2%C1%D6%C7%F52.jpg?type=w1",
			"thumbnail_url": "https://search2.kakaocdn.net/argon/130x130_85_c/9N9Vvqh02bW",
			"width": 560
		},
		{
			"collection": "blog",
			"datetime": "2015-09-23T00:00:00.000+09:00",
			"display_sitename": "네이버블로그",
			"doc_url": "http://blog.naver.com/choikim2013/220488002401",
			"height": 358,
			"image_url": "http://postfiles14.naver.net/20150921_285/choikim2013_1442828549176WRa6y_JPEG/%B3%B2%C1%D6%C7%F5%C8%AD%BA%B83-1.jpg?type=w2",
			"thumbnail_url": "https://search4.kakaocdn.net/argon/130x130_85_c/1tF322ybTaV",
			"width": 540
		},
		{
			"collection": "news",
			"datetime": "2015-04-28T11:30:02.000+09:00",
			"display_sitename": "헤럴드경제",
			"doc_url": "http://v.media.daum.net/v/20150428113117872",
			"height": 485,
			"image_url": "http://i2.media.daumcdn.net/svc/image/U03/news/201504/28/ned/20150428113106747.php",
			"thumbnail_url": "https://search4.kakaocdn.net/argon/130x130_85_c/52qa37yLSdr",
			"width": 500
		},
		{
			"collection": "blog",
			"datetime": "2015-08-27T11:01:00.000+09:00",
			"display_sitename": "네이버블로그",
			"doc_url": "http://blog.naver.com/fashionmag/220463420917",
			"height": 740,
			"image_url": "http://postfiles5.naver.net/20150827_116/fashionmag_1440640404122BqyUc_JPEG/YG_%BD%BA%C5%D7%C0%CC%C1%F6-%B3%B2%C1%D6%C7%F5_%281%29.jpg?type=w1",
			"thumbnail_url": "https://search2.kakaocdn.net/argon/130x130_85_c/IaGHbi8dJSK",
			"width": 740
		},
		{
			"collection": "blog",
			"datetime": "2016-10-19T10:25:00.000+09:00",
			"display_sitename": "네이버블로그",
			"doc_url": "http://blog.naver.com/cjswo4354/220839940586",
			"height": 810,
			"image_url": "http://postfiles16.naver.net/20161018_127/cjswo4354_14767569025625c7EL_JPEG/%B3%B2%C1%D6%C7%F5_12.jpg?type=w966",
			"thumbnail_url": "https://search3.kakaocdn.net/argon/130x130_85_c/4sLQRq3JVHB",
			"width": 540
		},
		{
			"collection": "blog",
			"datetime": "2014-12-17T12:54:00.000+09:00",
			"display_sitename": "네이버블로그",
			"doc_url": "http://blog.naver.com/moviepang/220212577682",
			"height": 755,
			"image_url": "http://postfiles9.naver.net/20141217_232/moviepang_1418784202427tpsX6_PNG/%B3%B2%C1%D6%C7%F5_25.png?type=w1",
			"thumbnail_url": "https://search4.kakaocdn.net/argon/130x130_85_c/5HHONXpnIyD",
			"width": 500
		},
		{
			"collection": "blog",
			"datetime": "2015-05-25T20:12:00.000+09:00",
			"display_sitename": "네이버블로그",
			"doc_url": "http://blog.naver.com/lovemasca3/220369931671",
			"height": 957,
			"image_url": "http://postfiles12.naver.net/20150531_299/lovemasca3_1433078066486wWD0c_JPEG/201407_Vogue_girl_%BA%B8%B1%D7%B0%C9_%B3%B2%C1%D6%C7%F5%285%29.jpg?type=w1",
			"thumbnail_url": "https://search1.kakaocdn.net/argon/130x130_85_c/7ElnQ1WeFAp",
			"width": 740
		},
		{
			"collection": "blog",
			"datetime": "2014-07-22T14:12:00.000+09:00",
			"display_sitename": "네이버블로그",
			"doc_url": "http://blog.naver.com/manzfashion/220068043630",
			"height": 860,
			"image_url": "http://postfiles11.naver.net/20140722_202/manzfashion_14060039028297azxC_JPEG/%B3%B2%C1%D6%C7%F5_4.jpg?type=w1",
			"thumbnail_url": "https://search1.kakaocdn.net/argon/130x130_85_c/BOHWRbViNib",
			"width": 600
		},
		{
			"collection": "blog",
			"datetime": "2014-06-16T13:30:00.000+09:00",
			"display_sitename": "네이버블로그",
			"doc_url": "http://blog.naver.com/meltingmm1/220031843070",
			"height": 563,
			"image_url": "http://postfiles3.naver.net/20140616_18/meltingmm1_1402892401361PNWWb_PNG/%B3%B2%C1%D6%C7%F5_%288%29.PNG?type=w2",
			"thumbnail_url": "https://search2.kakaocdn.net/argon/130x130_85_c/Cc8pH9nKuY7",
			"width": 400
		},
		{
			"collection": "blog",
			"datetime": "2016-05-10T14:12:00.000+09:00",
			"display_sitename": "네이버블로그",
			"doc_url": "http://blog.naver.com/gate10_pr/220705823178",
			"height": 388,
			"image_url": "http://postfiles1.naver.net/20160510_160/gate10_pr_1462855214242MFutc_JPEG/%B3%B2%C1%D6%C7%F5_%B5%A5%C0%CC%C1%EE%B5%E5_3.jpg?type=w2",
			"thumbnail_url": "https://search1.kakaocdn.net/argon/130x130_85_c/JCAPPFUBf3b",
			"width": 300
		},
		{
			"collection": "blog",
			"datetime": "2014-10-30T16:02:00.000+09:00",
			"display_sitename": "네이버블로그",
			"doc_url": "http://blog.naver.com/ryan_0403/220166427751",
			"height": 630,
			"image_url": "http://postfiles8.naver.net/20141030_103/ryan_0403_14146520896645unB9_JPEG/%B3%B2%C1%D6%C7%F5_%283%29.jpg?type=w2",
			"thumbnail_url": "https://search1.kakaocdn.net/argon/130x130_85_c/BTB15tjOKtW",
			"width": 450
		},
		{
			"collection": "blog",
			"datetime": "2014-12-20T20:32:00.000+09:00",
			"display_sitename": "네이버블로그",
			"doc_url": "http://blog.naver.com/walk1633/220215843086",
			"height": 610,
			"image_url": "http://postfiles2.naver.net/20141220_161/walk1633_1419074915932oAjEM_JPEG/%B3%B2%C1%D6%C7%F5_%BB%E7%C1%F8%B8%F0%C0%BD_%2815%29.jpg?type=w1",
			"thumbnail_url": "https://search1.kakaocdn.net/argon/130x130_85_c/93M7GlNeoPQ",
			"width": 407
		},
		{
			"collection": "blog",
			"datetime": "2014-04-09T01:51:00.000+09:00",
			"display_sitename": "네이버블로그",
			"doc_url": "http://blog.naver.com/bricolageinc/130189016582",
			"height": 1149,
			"image_url": "http://postfiles7.naver.net/20140408_38/bricolageinc_139696802003652pSq_JPEG/%B3%B2%C1%D6%C7%F5_%2810%29.jpg?type=w2",
			"thumbnail_url": "https://search1.kakaocdn.net/argon/130x130_85_c/LteWjnXtWm9",
			"width": 743
		},
		{
			"collection": "blog",
			"datetime": "2014-12-16T18:00:00.000+09:00",
			"display_sitename": "네이버블로그",
			"doc_url": "http://blog.naver.com/sh1890/220210216271",
			"height": 637,
			"image_url": "http://postfiles8.naver.net/20141215_135/sh1890_1418583960867ByvgP_JPEG/%B8%F0%B5%A8_%B3%B2%C1%D6%C7%F5_%BB%E7%BA%B9%C6%D0%BC%C7_%C0%CF%BB%F3_%B3%B2%C1%D6%C7%F5_%C0%CE%BD%BA%C5%B8%B1%D7%B7%A5_%289%29.jpg?type=w1",
			"thumbnail_url": "https://search1.kakaocdn.net/argon/130x130_85_c/PeML3Pyl8i",
			"width": 425
		},
		{
			"collection": "news",
			"datetime": "2020-05-27T09:08:02.000+09:00",
			"display_sitename": "일간스포츠",
			"doc_url": "http://v.media.daum.net/v/20200527090802284",
			"height": 405,
			"image_url": "https://t1.daumcdn.net/news/202005/27/ilgansports/20200527090805170wsnn.jpg",
			"thumbnail_url": "https://search3.kakaocdn.net/argon/130x130_85_c/6l4LmFIBgOQ",
			"width": 559
		},
		{
			"collection": "news",
			"datetime": "2020-09-22T09:55:02.000+09:00",
			"display_sitename": "일간스포츠",
			"doc_url": "http://v.media.daum.net/v/20200922095502043",
			"height": 863,
			"image_url": "https://t1.daumcdn.net/news/202009/22/ilgansports/20200922095505611dfyz.jpg",
			"thumbnail_url": "https://search4.kakaocdn.net/argon/130x130_85_c/LbjopJouVbJ",
			"width": 560
		},
		{
			"collection": "news",
			"datetime": "2020-01-16T12:49:25.000+09:00",
			"display_sitename": "텐아시아",
			"doc_url": "http://v.media.daum.net/v/20200116124925970",
			"height": 810,
			"image_url": "https://t1.daumcdn.net/news/202001/16/10asia/20200116124926237sbnk.jpg",
			"thumbnail_url": "https://search3.kakaocdn.net/argon/130x130_85_c/LH7V5wJaPME",
			"width": 540
		},
		{
			"collection": "news",
			"datetime": "2021-01-26T10:06:32.000+09:00",
			"display_sitename": "스타뉴스",
			"doc_url": "http://v.media.daum.net/v/20210126100632796",
			"height": 414,
			"image_url": "https://t1.daumcdn.net/news/202101/26/starnews/20210126100635760qcct.jpg",
			"thumbnail_url": "https://search2.kakaocdn.net/argon/130x130_85_c/Lje2Zyg1ovD",
			"width": 560
		},
		{
			"collection": "blog",
			"datetime": "2020-01-16T16:57:00.000+09:00",
			"display_sitename": "네이버블로그",
			"doc_url": "http://blog.naver.com/nnoorii/221774167475",
			"height": 1295,
			"image_url": "http://postfiles4.naver.net/MjAyMDAxMTZfMTAy/MDAxNTc5MTYxMTcxMTAy.wn6Kwgp96mQjZHKJBW9GWXrvhjfd7Bz_nIO5TYBOltMg.yzt_R4e_pz2gWjjMHAFc3tW359gFT84DUnf8n0kyzqAg.JPEG.nnoorii/%EB%82%A8%EC%A3%BC%ED%98%811.jpg?type=w773",
			"thumbnail_url": "https://search1.kakaocdn.net/argon/130x130_85_c/6C5EMnVXGph",
			"width": 773
		},
		{
			"collection": "news",
			"datetime": "2017-02-04T14:36:02.000+09:00",
			"display_sitename": "티브이데일리",
			"doc_url": "http://v.media.daum.net/v/20170204143603262",
			"height": 811,
			"image_url": "http://t1.daumcdn.net/news/201702/04/tvdaily/20170204143602780nlwk.jpg",
			"thumbnail_url": "https://search3.kakaocdn.net/argon/130x130_85_c/L3IXU5pS9pS",
			"width": 540
		},
		{
			"collection": "news",
			"datetime": "2017-02-04T14:09:11.000+09:00",
			"display_sitename": "티브이데일리",
			"doc_url": "http://v.media.daum.net/v/20170204140911864",
			"height": 812,
			"image_url": "http://t1.daumcdn.net/news/201702/04/tvdaily/20170204140911591jboz.jpg",
			"thumbnail_url": "https://search1.kakaocdn.net/argon/130x130_85_c/BcCaOknRvBo",
			"width": 540
		},
		{
			"collection": "blog",
			"datetime": "2020-11-10T14:00:00.000+09:00",
			"display_sitename": "네이버블로그",
			"doc_url": "http://blog.naver.com/iamchocolat/222140502255",
			"height": 1208,
			"image_url": "http://postfiles5.naver.net/MjAyMDExMTBfMTk2/MDAxNjA0OTgwMDkxNTI5.TZVX_vvMw8v2uy2FLj3bmxWZ37G0UFPaECxlqyoKZREg.YA-RuxMJH7Jo10ZUJIGVIMnhzqomc_kprPfKiuKJGyIg.JPEG.iamchocolat/%EB%82%A8%EC%A3%BC%ED%98%81_2.jpg?type=w966",
			"thumbnail_url": "https://search3.kakaocdn.net/argon/130x130_85_c/416zUzGkJFw",
			"width": 966
		},
		{
			"collection": "news",
			"datetime": "2016-07-11T09:18:02.000+09:00",
			"display_sitename": "엘르",
			"doc_url": "http://v.media.daum.net/v/20160711091803014",
			"height": 850,
			"image_url": "http://t1.daumcdn.net/news/201607/20/elle/20160720104002411affp.jpg",
			"thumbnail_url": "https://search3.kakaocdn.net/argon/130x130_85_c/8IPA1c7xq6w",
			"width": 656
		},
		{
			"collection": "news",
			"datetime": "2019-04-17T09:32:14.000+09:00",
			"display_sitename": "스타뉴스",
			"doc_url": "http://v.media.daum.net/v/20190417093214298",
			"height": 840,
			"image_url": "https://t1.daumcdn.net/news/201904/17/starnews/20190417093215024sswi.jpg",
			"thumbnail_url": "https://search4.kakaocdn.net/argon/130x130_85_c/ExHMOi4YWDR",
			"width": 560
		},
		{
			"collection": "blog",
			"datetime": "2020-01-16T15:46:00.000+09:00",
			"display_sitename": "네이버블로그",
			"doc_url": "http://blog.naver.com/ronaldawa/221774077908",
			"height": 1395,
			"image_url": "http://postfiles4.naver.net/MjAyMDAxMTZfMTQw/MDAxNTc5MTU1MTQ3MjE0.GJzABaRtJikrKyU7aQuLtXENLrhWZRNlRwR9JNCFiiwg.LUFU9dVjdC7oNMmAYS-SqDZcZuXamNOPnp0-SPlEyxMg.JPEG.ronaldawa/%EB%82%A8%EC%A3%BC%ED%98%812.jpg?type=w773",
			"thumbnail_url": "https://search1.kakaocdn.net/argon/130x130_85_c/HODKGtEl9w1",
			"width": 773
		},
		{
			"collection": "blog",
			"datetime": "2020-09-24T18:23:00.000+09:00",
			"display_sitename": "네이버블로그",
			"doc_url": "http://blog.naver.com/ssauja89/222098641363",
			"height": 512,
			"image_url": "http://postfiles10.naver.net/MjAyMDA5MjRfMjk5/MDAxNjAwOTM4MTczODk3.lgYtq_1Oim5GXrIDS7iXBHXofF_Yj0ve53ZEe82GAVsg.OW9q11w__IM-453QFOc8Vn8jss13mO_vm4RgF8rF77kg.JPEG.ssauja89/%EB%82%A8%EC%A3%BC%ED%98%81.jpg?type=w773",
			"thumbnail_url": "https://search2.kakaocdn.net/argon/130x130_85_c/7EfteuN7VQX",
			"width": 341
		},
		{
			"collection": "news",
			"datetime": "2020-12-07T13:54:13.000+09:00",
			"display_sitename": "일간스포츠",
			"doc_url": "http://v.media.daum.net/v/20201207135413843",
			"height": 840,
			"image_url": "https://t1.daumcdn.net/news/202012/07/ilgansports/20201207135417710rgvo.jpg",
			"thumbnail_url": "https://search3.kakaocdn.net/argon/130x130_85_c/GR8Qb1XievK",
			"width": 560
		},
		{
			"collection": "blog",
			"datetime": "2020-02-02T09:00:00.000+09:00",
			"display_sitename": "네이버블로그",
			"doc_url": "http://blog.naver.com/hwanghwoo/221792943973",
			"height": 1072,
			"image_url": "http://postfiles3.naver.net/MjAyMDAyMDFfNDIg/MDAxNTgwNTY2NzcyNTU1.odrbxmrCOC5wM-J0rEbhYGTvRC25I0pHc7ecvxLjK6Ug.GSttckfUxnFH4JXd9qTMh4yw_gF4HHem28xBLj3kWBog.JPEG.hwanghwoo/%EB%82%A8%EC%A3%BC%ED%98%81_%EB%B0%B1%ED%8C%A9_(2).jpg?type=w966",
			"thumbnail_url": "https://search4.kakaocdn.net/argon/130x130_85_c/Lcgrs5XC9Lu",
			"width": 900
		},
		{
			"collection": "news",
			"datetime": "2017-08-18T14:59:35.000+09:00",
			"display_sitename": "스포츠경향",
			"doc_url": "http://v.media.daum.net/v/20170818145936249",
			"height": 901,
			"image_url": "http://t1.daumcdn.net/news/201708/18/sportskhan/20170818145935595pthy.jpg",
			"thumbnail_url": "https://search3.kakaocdn.net/argon/130x130_85_c/8ITQhaMMrh4",
			"width": 600
		},
		{
			"collection": "news",
			"datetime": "2020-05-27T09:08:02.000+09:00",
			"display_sitename": "일간스포츠",
			"doc_url": "http://v.media.daum.net/v/20200527090802284",
			"height": 405,
			"image_url": "https://t1.daumcdn.net/news/202005/27/ilgansports/20200527090803950fhky.jpg",
			"thumbnail_url": "https://search2.kakaocdn.net/argon/130x130_85_c/8eIyp6yTvzR",
			"width": 559
		},
		{
			"collection": "blog",
			"datetime": "2020-01-20T11:28:00.000+09:00",
			"display_sitename": "네이버블로그",
			"doc_url": "http://blog.naver.com/dope_ch/221778608193",
			"height": 1208,
			"image_url": "http://postfiles3.naver.net/MjAyMDAxMjBfMjEy/MDAxNTc5NDg2Nzc5MDQz.qxtQZ2tX2SY7GXxSnZoMfQtwR4sg3a4ZECio3246_5Ug.oE4cDioruhOeSSSiv-FrHxbup0cpmbh5FCq7C1FYfFMg.JPEG.dope_ch/%EB%94%94%EC%98%AC_%EB%82%A8%EC%A3%BC%ED%98%81_(2).jpg?type=w966",
			"thumbnail_url": "https://search1.kakaocdn.net/argon/130x130_85_c/12exgzOz6G1",
			"width": 966
		},
		{
			"collection": "news",
			"datetime": "2020-08-06T14:37:21.000+09:00",
			"display_sitename": "스포츠서울",
			"doc_url": "http://v.media.daum.net/v/20200806143721493",
			"height": 333,
			"image_url": "https://t1.daumcdn.net/news/202008/06/SPORTSSEOUL/20200806143722366nczl.jpg",
			"thumbnail_url": "https://search3.kakaocdn.net/argon/130x130_85_c/FnKzfdJcJxS",
			"width": 500
		},
		{
			"collection": "news",
			"datetime": "2020-10-12T15:39:06.000+09:00",
			"display_sitename": "이데일리",
			"doc_url": "http://v.media.daum.net/v/20201012153906140",
			"height": 1005,
			"image_url": "https://t1.daumcdn.net/news/202010/12/Edaily/20201012153927373wkfp.jpg",
			"thumbnail_url": "https://search2.kakaocdn.net/argon/130x130_85_c/DFmBO2IOWy3",
			"width": 670
		},
		{
			"collection": "news",
			"datetime": "2021-02-01T22:18:53.000+09:00",
			"display_sitename": "MBN",
			"doc_url": "http://v.media.daum.net/v/20210201221853730",
			"height": 798,
			"image_url": "https://t1.daumcdn.net/news/202102/01/mbn/20210201221858425aaos.jpg",
			"thumbnail_url": "https://search2.kakaocdn.net/argon/130x130_85_c/Bt43EIEmTMt",
			"width": 500
		},
		{
			"collection": "blog",
			"datetime": "2020-01-16T19:29:00.000+09:00",
			"display_sitename": "네이버블로그",
			"doc_url": "http://blog.naver.com/mumgkr/221774340940",
			"height": 1000,
			"image_url": "http://postfiles6.naver.net/MjAyMDAxMTZfMjc0/MDAxNTc5MTY5OTkwODE4.PPyoCjNxTKxdKtZUHrWHI1HfkCBaAr8lzDOvrOfmuGYg.H-CX1ObfvU2yYOajGP7wxPNzZhocoRGFXrlFFAr67Jcg.JPEG.mumgkr/%EB%82%A8%EC%A3%BC%ED%98%81.jpg?type=w966",
			"thumbnail_url": "https://search2.kakaocdn.net/argon/130x130_85_c/9bWRM8nYLW4",
			"width": 629
		},
		{
			"collection": "news",
			"datetime": "2021-01-15T10:14:02.000+09:00",
			"display_sitename": "일간스포츠",
			"doc_url": "http://v.media.daum.net/v/20210115101402465",
			"height": 700,
			"image_url": "https://t1.daumcdn.net/news/202101/15/ilgansports/20210115101405504iwqn.jpg",
			"thumbnail_url": "https://search3.kakaocdn.net/argon/130x130_85_c/Fn8SnQkiXpu",
			"width": 560
		},
		{
			"collection": "blog",
			"datetime": "2020-11-10T11:56:00.000+09:00",
			"display_sitename": "네이버블로그",
			"doc_url": "http://blog.naver.com/1208_sj/222140403374",
			"height": 1188,
			"image_url": "http://postfiles14.naver.net/MjAyMDExMTBfMTg1/MDAxNjA0OTc0MTk0MzA0.Tz-zWJu1PXaSsusBTi_oEL2Z9ZKim6fA2aXkD-1vmUUg.2fQ4evQhTlOHCIQsiokSyBI1x1i8Tr_bLNK_X92ZRVMg.JPEG.1208_sj/9_%EB%82%A8%EC%A3%BC%ED%98%81_%EB%94%94%EC%98%AC_%ED%99%94%EB%B3%B4.jpg?type=w966",
			"thumbnail_url": "https://search1.kakaocdn.net/argon/130x130_85_c/2Ee42qxPbiD",
			"width": 966
		},
		{
			"collection": "news",
			"datetime": "2021-01-15T10:14:02.000+09:00",
			"display_sitename": "일간스포츠",
			"doc_url": "http://v.media.daum.net/v/20210115101402465",
			"height": 700,
			"image_url": "https://t1.daumcdn.net/news/202101/15/ilgansports/20210115101404545cqfh.jpg",
			"thumbnail_url": "https://search3.kakaocdn.net/argon/130x130_85_c/FBbQhTRs1A6",
			"width": 560
		},
		{
			"collection": "news",
			"datetime": "2020-08-06T14:37:21.000+09:00",
			"display_sitename": "스포츠서울",
			"doc_url": "http://v.media.daum.net/v/20200806143721493",
			"height": 359,
			"image_url": "https://t1.daumcdn.net/news/202008/06/SPORTSSEOUL/20200806143721268wcfv.jpg",
			"thumbnail_url": "https://search1.kakaocdn.net/argon/130x130_85_c/5SKVe22s5Eu",
			"width": 500
		},
		{
			"collection": "news",
			"datetime": "2020-11-17T11:37:04.000+09:00",
			"display_sitename": "스포츠투데이",
			"doc_url": "http://v.media.daum.net/v/20201117113704760",
			"height": 900,
			"image_url": "https://t1.daumcdn.net/news/202011/17/sportstoday/20201117113704316kmky.jpg",
			"thumbnail_url": "https://search1.kakaocdn.net/argon/130x130_85_c/3WEXNxuEnlY",
			"width": 600
		},
		{
			"collection": "news",
			"datetime": "2020-11-17T11:21:44.000+09:00",
			"display_sitename": "MBN",
			"doc_url": "http://v.media.daum.net/v/20201117112144888",
			"height": 750,
			"image_url": "https://t1.daumcdn.net/news/202011/17/mbn/20201117112144881pixn.jpg",
			"thumbnail_url": "https://search4.kakaocdn.net/argon/130x130_85_c/EcWwFS7fmEL",
			"width": 500
		},
		{
			"collection": "blog",
			"datetime": "2020-12-18T08:20:00.000+09:00",
			"display_sitename": "네이버블로그",
			"doc_url": "http://blog.naver.com/js2y86/222177053961",
			"height": 644,
			"image_url": "http://postfiles10.naver.net/MjAyMDEyMTdfMjI5/MDAxNjA4MjA2ODIzOTI3.TkNY7MdTe_4K4H02aejdlwqR4YaqSEAICve3mhBCT6wg.GFHdUT8aVVetoFTyaEpHzNK8zrUx9nrrT6fRiptg18gg.JPEG.js2y86/_%EC%8A%A4%ED%83%80%ED%8A%B8%EC%97%85_%EB%82%A8%EC%A3%BC%ED%98%81111.jpg?type=w966",
			"thumbnail_url": "https://search1.kakaocdn.net/argon/130x130_85_c/JUtRMPHTZMI",
			"width": 966
		},
		{
			"collection": "news",
			"datetime": "2020-11-19T12:31:38.000+09:00",
			"display_sitename": "MBN",
			"doc_url": "http://v.media.daum.net/v/20201119123138547",
			"height": 888,
			"image_url": "https://t1.daumcdn.net/news/202011/19/mbn/20201119123140030ksrs.jpg",
			"thumbnail_url": "https://search4.kakaocdn.net/argon/130x130_85_c/KePfpwMyyxl",
			"width": 500
		},
		{
			"collection": "news",
			"datetime": "2020-09-24T11:21:15.000+09:00",
			"display_sitename": "뉴스1",
			"doc_url": "http://v.media.daum.net/v/20200924112115641",
			"height": 2100,
			"image_url": "https://t1.daumcdn.net/news/202009/24/NEWS1/20200924112116783ufwf.jpg",
			"thumbnail_url": "https://search4.kakaocdn.net/argon/130x130_85_c/6401p3UySGZ",
			"width": 1400
		},
		{
			"collection": "blog",
			"datetime": "2020-05-26T14:11:00.000+09:00",
			"display_sitename": "네이버블로그",
			"doc_url": "http://blog.naver.com/kinggun/221979227406",
			"height": 987,
			"image_url": "http://postfiles6.naver.net/MjAyMDA1MjZfODgg/MDAxNTkwNDY5MzQzMjQx.R40zE0X3fhQ3gudfddcWCZupTBSzOkJufrJ0Qvw0wvcg.5fzrtthZZe_u45uUgxkTV_dtEhGhgsfgQ9XoWJAmv4Ig.JPEG.kinggun/%E2%98%85%EB%82%A8%EC%A3%BC%ED%98%81_%EC%B0%A9%EC%9A%A9_(4).jpg?type=w966",
			"thumbnail_url": "https://search4.kakaocdn.net/argon/130x130_85_c/pZMLStKENV",
			"width": 657
		},
		{
			"collection": "blog",
			"datetime": "2020-12-24T12:04:00.000+09:00",
			"display_sitename": "네이버블로그",
			"doc_url": "http://blog.naver.com/kowave_kr/222183909621",
			"height": 713,
			"image_url": "http://postfiles8.naver.net/MjAyMDEyMjRfMzAg/MDAxNjA4Nzc4NzYyNzUw.PobiCTXyBgTQ7EfQiyUN6UhazzRUXzRq6H_TlFPquyEg.po1AL2ggfh5VOm6gdK8DH-DxX2mmfDQhws5YjjitEFQg.JPEG.kowave_kr/%EB%82%A8%EC%A3%BC%ED%98%81%EB%A9%94%EC%9D%B82-%EC%88%98%EC%A0%952.jpg?type=w966",
			"thumbnail_url": "https://search1.kakaocdn.net/argon/130x130_85_c/FPm379qCiwJ",
			"width": 966
		},
		{
			"collection": "news",
			"datetime": "2017-02-04T13:51:31.000+09:00",
			"display_sitename": "스타뉴스",
			"doc_url": "http://v.media.daum.net/v/20170204135132660",
			"height": 906,
			"image_url": "http://t1.daumcdn.net/news/201702/04/starnews/20170204135132116bihs.jpg",
			"thumbnail_url": "https://search2.kakaocdn.net/argon/130x130_85_c/G8YUksFvEX",
			"width": 540
		},
		{
			"collection": "news",
			"datetime": "2020-03-11T15:05:16.000+09:00",
			"display_sitename": "한국경제",
			"doc_url": "http://v.media.daum.net/v/20200311150516137",
			"height": 930,
			"image_url": "https://t1.daumcdn.net/news/202003/11/ked/20200311150517880mrox.jpg",
			"thumbnail_url": "https://search2.kakaocdn.net/argon/130x130_85_c/Iqt5MQLZooJ",
			"width": 620
		},
		{
			"collection": "news",
			"datetime": "2016-06-13T13:46:06.000+09:00",
			"display_sitename": "머니투데이",
			"doc_url": "http://v.media.daum.net/v/20160613134608074",
			"height": 620,
			"image_url": "http://t1.daumcdn.net/news/201606/13/moneytoday/20160613134607127ypyq.jpg",
			"thumbnail_url": "https://search1.kakaocdn.net/argon/130x130_85_c/6BKFzLp3gs0",
			"width": 513
		},
		{
			"collection": "blog",
			"datetime": "2015-03-20T17:19:00.000+09:00",
			"display_sitename": "네이버블로그",
			"doc_url": "http://blog.naver.com/pipo89/220306007216",
			"height": 599,
			"image_url": "http://postfiles2.naver.net/20150320_177/pipo89_1426839328981eJwen_JPEG/%B3%B2%C1%D6%C7%F514.jpg?type=w1",
			"thumbnail_url": "https://search4.kakaocdn.net/argon/130x130_85_c/V5Un4h1vA",
			"width": 400
		},
		{
			"collection": "news",
			"datetime": "2017-08-10T12:41:12.000+09:00",
			"display_sitename": "스타뉴스",
			"doc_url": "http://v.media.daum.net/v/20170810124113157",
			"height": 1719,
			"image_url": "http://t1.daumcdn.net/news/201708/10/starnews/20170810124112849qmpn.jpg",
			"thumbnail_url": "https://search1.kakaocdn.net/argon/130x130_85_c/BzYFHwFlHOC",
			"width": 1024
		},
		{
			"collection": "news",
			"datetime": "2019-03-23T14:00:07.000+09:00",
			"display_sitename": "스타뉴스",
			"doc_url": "http://v.media.daum.net/v/20190323140007745",
			"height": 373,
			"image_url": "https://t1.daumcdn.net/news/201903/23/starnews/20190323140007878avjw.jpg",
			"thumbnail_url": "https://search3.kakaocdn.net/argon/130x130_85_c/FnrB23g6Nwg",
			"width": 560
		},
		{
			"collection": "blog",
			"datetime": "2020-01-16T19:29:00.000+09:00",
			"display_sitename": "네이버블로그",
			"doc_url": "http://blog.naver.com/mumgkr/221774340940",
			"height": 881,
			"image_url": "http://postfiles2.naver.net/MjAyMDAxMTZfMjMy/MDAxNTc5MTY5OTkwODEy.EaaR41X0X39j8AmnANZXcu5FHRIqtnIYEzGcvt7BkqYg.S0pubL5EqhvIlpvPb76ONWbK1YtEQgHStMVpqxHUCYwg.JPEG.mumgkr/%EB%82%A8%EC%A3%BC%ED%98%81%EC%8A%A4%EB%8B%88%EC%BB%A4%EC%A6%88.jpg?type=w966",
			"thumbnail_url": "https://search3.kakaocdn.net/argon/130x130_85_c/L3YGqIrsGGg",
			"width": 560
		},
		{
			"collection": "blog",
			"datetime": "2019-02-25T19:44:00.000+09:00",
			"display_sitename": "네이버블로그",
			"doc_url": "http://blog.naver.com/melodynotema/221474592512",
			"height": 595,
			"image_url": "http://postfiles14.naver.net/MjAxOTAyMjVfMTkw/MDAxNTUxMDg5NTM5MjI1.9yqCbhIDhxFCE-vJ2wxsXCyibdeYfaDPwSjbjq438bog.BGmQZdAjMOuBYKNXpFRzkdprPd4-0HbunbYBhttE-9Eg.JPEG.melodynotema/%EB%82%A8%EC%A3%BC%ED%98%811.JPG?type=w966",
			"thumbnail_url": "https://search1.kakaocdn.net/argon/130x130_85_c/9JabDUbqmLc",
			"width": 598
		},
		{
			"collection": "news",
			"datetime": "2020-12-07T14:10:10.000+09:00",
			"display_sitename": "스타뉴스",
			"doc_url": "http://v.media.daum.net/v/20201207141010473",
			"height": 1587,
			"image_url": "https://t1.daumcdn.net/news/202012/07/starnews/20201207141010448rctz.jpg",
			"thumbnail_url": "https://search2.kakaocdn.net/argon/130x130_85_c/GFNYfm1mZvD",
			"width": 1024
		},
		{
			"collection": "news",
			"datetime": "2020-11-19T12:31:38.000+09:00",
			"display_sitename": "MBN",
			"doc_url": "http://v.media.daum.net/v/20201119123138547",
			"height": 869,
			"image_url": "https://t1.daumcdn.net/news/202011/19/mbn/20201119123139356lwtp.jpg",
			"thumbnail_url": "https://search3.kakaocdn.net/argon/130x130_85_c/2sCoDo5cNzu",
			"width": 500
		},
		{
			"collection": "news",
			"datetime": "2020-05-27T09:08:02.000+09:00",
			"display_sitename": "일간스포츠",
			"doc_url": "http://v.media.daum.net/v/20200527090802284",
			"height": 405,
			"image_url": "https://t1.daumcdn.net/news/202005/27/ilgansports/20200527090807615rbjr.jpg",
			"thumbnail_url": "https://search3.kakaocdn.net/argon/130x130_85_c/8T4R7qdiU9S",
			"width": 559
		},
		{
			"collection": "etc",
			"datetime": "2020-10-16T09:11:53.000+09:00",
			"display_sitename": "",
			"doc_url": "http://www.biztribune.co.kr/news/articleView.html?idxno=248483",
			"height": 1440,
			"image_url": "http://www.biztribune.co.kr/news/photo/202010/248483_108967_5316.jpg",
			"thumbnail_url": "https://search1.kakaocdn.net/argon/130x130_85_c/BaiZ9CGTDxQ",
			"width": 960
		},
		{
			"collection": "blog",
			"datetime": "2016-10-14T00:49:00.000+09:00",
			"display_sitename": "네이버블로그",
			"doc_url": "http://blog.naver.com/eunjin_9056/220835738682",
			"height": 594,
			"image_url": "http://postfiles8.naver.net/20161013_119/eunjin_9056_1476363516854A6QsR_JPEG/%B3%B2%C1%D6%C7%F51.JPG?type=w966",
			"thumbnail_url": "https://search1.kakaocdn.net/argon/130x130_85_c/ErFTt9VTGdi",
			"width": 593
		},
		{
			"collection": "news",
			"datetime": "2018-09-17T16:15:05.000+09:00",
			"display_sitename": "티브이데일리",
			"doc_url": "http://v.media.daum.net/v/20180917161505726",
			"height": 756,
			"image_url": "https://t1.daumcdn.net/news/201809/17/tvdaily/20180917161505123bboo.jpg",
			"thumbnail_url": "https://search1.kakaocdn.net/argon/130x130_85_c/KQi9dAsSbCW",
			"width": 540
		},
		{
			"collection": "blog",
			"datetime": "2019-04-04T14:39:00.000+09:00",
			"display_sitename": "네이버블로그",
			"doc_url": "http://blog.naver.com/contentsgram/221505379268",
			"height": 756,
			"image_url": "http://postfiles14.naver.net/MjAxOTA0MDRfMTIx/MDAxNTU0MzU2MjcyMzQy.dc6EqB996lnRuMdxAclwuNBcBeYY5Oh0cdfIdzgPSLog.jCLpx2I9sr8fwjCGUWvUxI_Ad63NHyFvUdsKgOdpmYcg.JPEG.contentsgram/%EB%82%A8%EC%A3%BC%ED%98%81.jpg?type=w966",
			"thumbnail_url": "https://search4.kakaocdn.net/argon/130x130_85_c/IBySCKkdInB",
			"width": 540
		},
		{
			"collection": "etc",
			"datetime": "2020-10-16T09:11:53.000+09:00",
			"display_sitename": "",
			"doc_url": "http://www.biztribune.co.kr/news/articleView.html?idxno=248483",
			"height": 1440,
			"image_url": "http://www.biztribune.co.kr/news/photo/202010/248483_108965_5310.jpg",
			"thumbnail_url": "https://search2.kakaocdn.net/argon/130x130_85_c/61fsFc2oHrN",
			"width": 960
		},
		{
			"collection": "news",
			"datetime": "2017-01-24T12:10:03.000+09:00",
			"display_sitename": "텐아시아",
			"doc_url": "http://v.media.daum.net/v/20170124121003646",
			"height": 760,
			"image_url": "http://t1.daumcdn.net/news/201701/24/10asia/20170124121003555imtt.jpg",
			"thumbnail_url": "https://search4.kakaocdn.net/argon/130x130_85_c/AhEruh4r7pv",
			"width": 540
		},
		{
			"collection": "blog",
			"datetime": "2020-12-08T23:50:00.000+09:00",
			"display_sitename": "네이버블로그",
			"doc_url": "http://blog.naver.com/zldnld99/222167206858",
			"height": 955,
			"image_url": "http://postfiles7.naver.net/MjAyMDEyMDhfMjU4/MDAxNjA3NDI0ODkxOTgy.Qvlz1w3mkqVMkJ9qyLxjSgpco8X0BSEXVPdc2p3QZBQg.7V_bxGfX1bo_asLFo6JuErjC8OAkitTMm96by9-mgdcg.PNG.zldnld99/%EB%82%A8%EC%A3%BC%ED%98%81_%EA%B0%80%EB%94%94%EA%B1%B4_001.png?type=w966",
			"thumbnail_url": "https://search3.kakaocdn.net/argon/130x130_85_c/ImOx6Civl2a",
			"width": 716
		},
		{
			"collection": "blog",
			"datetime": "2020-09-25T17:52:44.000+09:00",
			"display_sitename": "티스토리",
			"doc_url": "http://diy10004.tistory.com/3333",
			"height": 425,
			"image_url": "https://k.kakaocdn.net/dn/cwSP3Z/btqJCoQ31Bz/BK5x6bD4mAJ76xC6dMZHx0/img.jpg",
			"thumbnail_url": "https://search4.kakaocdn.net/argon/130x130_85_c/Lnbi6w287LG",
			"width": 340
		},
		{
			"collection": "blog",
			"datetime": "2020-02-02T09:00:00.000+09:00",
			"display_sitename": "네이버블로그",
			"doc_url": "http://blog.naver.com/hwanghwoo/221792943973",
			"height": 1072,
			"image_url": "http://postfiles10.naver.net/MjAyMDAyMDFfNjEg/MDAxNTgwNTY2ODMwMTY5.N0cz09FYDZnJ1bH21P1TgL9fJ1LqxVcBeEi1O2prTbAg.c60MS2UQnrtCbi0RMduE4eP6mQwdSKPg_p1MtZqDC0Yg.JPEG.hwanghwoo/%EB%82%A8%EC%A3%BC%ED%98%81_%EB%B0%B1%ED%8C%A9_(11).jpg?type=w966",
			"thumbnail_url": "https://search1.kakaocdn.net/argon/130x130_85_c/Avem5QzeFVw",
			"width": 900
		},
		{
			"collection": "cafe",
			"datetime": "2020-10-22T23:22:24.000+09:00",
			"display_sitename": "Daum카페",
			"doc_url": "http://cafe.daum.net/SoulDresser/FLTB/315121",
			"height": 1001,
			"image_url": "http://t1.daumcdn.net/cafeattach/1D7bO/563e52bb4c11b25f79b09c2c4583663ed5cdd176",
			"thumbnail_url": "https://search3.kakaocdn.net/argon/130x130_85_c/2KHg7iTX3N0",
			"width": 745
		},
		{
			"collection": "news",
			"datetime": "2018-10-07T14:00:54.000+09:00",
			"display_sitename": "경향신문",
			"doc_url": "http://v.media.daum.net/v/20181007140054412",
			"height": 467,
			"image_url": "https://t1.daumcdn.net/news/201810/07/khan/20181007140055828lqia.jpg",
			"thumbnail_url": "https://search4.kakaocdn.net/argon/130x130_85_c/D4ODlEYjrET",
			"width": 700
		},
		{
			"collection": "blog",
			"datetime": "2015-05-25T20:13:00.000+09:00",
			"display_sitename": "네이버블로그",
			"doc_url": "http://blog.naver.com/lovemasca3/220369932384",
			"height": 1046,
			"image_url": "http://postfiles1.naver.net/20150531_64/lovemasca3_1433078615189UlsF2_JPEG/201405_FOUND_%C6%C4%BF%EE%B5%E5_%B8%C5%B0%C5%C1%F8_5%BF%F9%C8%A3_%B3%B2%C1%D6%C7%F5%284%29.jpg?type=w1",
			"thumbnail_url": "https://search4.kakaocdn.net/argon/130x130_85_c/HqOIU8aXnly",
			"width": 740
		},
		{
			"collection": "news",
			"datetime": "2018-09-26T18:52:12.000+09:00",
			"display_sitename": "서울경제",
			"doc_url": "http://v.media.daum.net/v/20180926185212599",
			"height": 896,
			"image_url": "https://t1.daumcdn.net/news/201809/26/seouleconomy/20180926185214218qbqk.jpg",
			"thumbnail_url": "https://search2.kakaocdn.net/argon/130x130_85_c/6avjjSqUuir",
			"width": 640
		},
		{
			"collection": "blog",
			"datetime": "2020-01-20T10:42:00.000+09:00",
			"display_sitename": "네이버블로그",
			"doc_url": "http://blog.naver.com/hae5niii/221778554175",
			"height": 1159,
			"image_url": "http://postfiles12.naver.net/MjAyMDAxMjBfMjMg/MDAxNTc5NDgzNzkwNjU2.LFFdMfiyIhgZ3DH7PJzOa6xROfh9KCxw6OYHqy_At9Eg.BruJovfaRgFn2WaG7qH4_bQ3kOU2uE6Jjs1HHzXu9wQg.JPEG.hae5niii/%EB%94%94%EC%98%AC_%EB%82%A8%EC%A3%BC%ED%98%81_(1).jpg?type=w773",
			"thumbnail_url": "https://search2.kakaocdn.net/argon/130x130_85_c/2HlUafLhS69",
			"width": 773
		},
		{
			"collection": "blog",
			"datetime": "2020-12-08T23:50:00.000+09:00",
			"display_sitename": "네이버블로그",
			"doc_url": "http://blog.naver.com/zldnld99/222167206858",
			"height": 955,
			"image_url": "http://postfiles8.naver.net/MjAyMDEyMDhfMjgy/MDAxNjA3NDI0ODkxOTg4.k4OXY6wl4LTRKf9OxjMGhc9rc6tpCPIhb6VUI3AZ0ywg.ADPnU-scXNjjxnEJ--OcO0Vs05bZwcZzbIx5sZcq6Dkg.PNG.zldnld99/%EB%82%A8%EC%A3%BC%ED%98%81_%EA%B0%80%EB%94%94%EA%B1%B4_006.png?type=w966",
			"thumbnail_url": "https://search2.kakaocdn.net/argon/130x130_85_c/A2XfLu3V1uZ",
			"width": 716
		}
	],
	"meta": {
		"is_end": False,
		"pageable_count": 3856,
		"total_count": 272564
	}
}
